{
  "mean": [
    23.866917022130608,
    20.51713030049459,
    13.056986482165575,
    433987.8127062201,
    441605.4641134491,
    7617.651407229014,
    33.57411338109136,
    246357.38694205767,
    322002.8539230293,
    2.4967685096366443,
    312.698154640546,
    1.0048266167090838,
    38.10509427099042,
    1.6786967664793395,
    1.1881958665335985,
    163.85450787753476,
    0.47761468968796783,
    31.659370051608338,
    1.0626535811634406,
    0.7377056091659107,
    148.84364069685168,
    0.31213415941379896,
    24.81793387729793,
    0.847331210219555,
    0.5700385369677051,
    0.03846521576452082,
    0.007925614565216083,
    0.013648772727890106,
    0.010056621808632153,
    0.009884921087530517,
    2.717585814163103,
    0.0001609080218186035,
    0.7097966554188141,
    0.028367805266165693,
    0.0006814742303560228,
    7617.843214890708,
    814.8335918525624,
    3302.641699151649,
    1500.5642753577592,
    1331.5515405705112,
    4372.212962018083,
    412.0355872128226,
    1546.431036594077,
    575.2099877262602,
    510.6350218720874,
    6768.029420168582,
    1028.3402011007477,
    3143.808420243416,
    1629.5789505507926,
    1503.8944085012008,
    5.435067453109374,
    115.66633671449273,
    1.0765931247491343,
    3.9376390391248446,
    1.134810719912597,
    1.0884101747726052,
    7.504992133604399,
    65125756.44383864,
    4.372327530817705,
    -0.19146707169803553,
    1357.31912292806,
    16.15149900280813,
    0.023995259948031453,
    1.678583815311658,
    103857393.34728226,
    0.08755515380629432
  ],
  "scale": [
    15.58922265204132,
    120.95612512222478,
    71.12101839917952,
    32383.610531278337,
    32010.859709310833,
    21086.02580065099,
    169.04934214037047,
    217970.65798999922,
    190085.65055866787,
    5.901797083583269,
    2041.063866405601,
    19.340392048829298,
    373.16003786741715,
    21.990812779775627,
    20.551126313508103,
    1095.7616558437514,
    128.2821855141343,
    353.98937845610436,
    128.48294092142265,
    128.3313222823885,
    973.734371534469,
    14.346053394960391,
    284.9961260178103,
    15.760245414472633,
    15.971822802157046,
    0.21507815444592981,
    0.021959458307430575,
    0.0270444167839668,
    0.022870903706365475,
    0.02292854948416408,
    1430.4113568040618,
    0.0013467117141041413,
    375.45485212069116,
    14.899893487721414,
    0.2292436054644116,
    21086.621190928643,
    4212.033871412445,
    8599.46497870955,
    5106.357037872643,
    5033.141024160028,
    17742.809839744496,
    3598.2019335032996,
    6498.6777011709755,
    3893.5666441298326,
    3832.499498174684,
    19789.925203534207,
    4587.773047030696,
    8515.295803493897,
    5510.870167544202,
    5483.407276382322,
    67.6686830297047,
    791.2716754125461,
    0.4692094793687217,
    16.43903704863582,
    0.5271557900091806,
    0.48818670810814985,
    35.13153049202667,
    78386055.83863987,
    28.985155161130727,
    0.8234487518647802,
    3749.143841122248,
    1384.6054616998626,
    0.08073756379273574,
    21.99731777703975,
    1213821479.3158133,
    3.7841207060077893
  ]
}